description,price,rating,review_count,url
"Newest Vostro 3520 Business Laptop, 15.6"" HD Display, Intel Core i5-1135G7 Processor, 16GB DDR4 RAM, 1TB PCIe SSD, Webcam, HDMI, Wi-Fi, Windows 11 Pro, Black",569,4.8 out of 5 stars,,https://www.amazon.com/sspa/click?ie=UTF8&spc=MTo3MzQxNTQ4MzQ3NTMwMDc4OjE3Mjk1MzgzNjc6c3BfYXRmX25leHQ6MzAwMTUwMjI1NDMyMTAyOjowOjo&url=%2FDell-Business-Display-i5-1135G7-Processor%2Fdp%2FB0B7TF4MQK%2Fref%3Dsr_1_17_sspa%3Fdib%3DeyJ2IjoiMSJ9.mvGS6Pjjske6YUIQSoSXi3_hX_pFDfJjjp5LWb7lV4yCuL_PglEwF58Jx6QHi9eWTC9lcoPiXHEYcN7Rh48ep5wHVjtilw23Lq8m74REvs3STF-tiLfFmebg1B5fayxtXDOaEaWAaHXGafdvBl4E_RPSnEW82QxMgr5sM3d2XSUSCvn9D2k0SsmKlA155gGaIvqY1O-PD3nT7WiHmHZ7GWhMS_A2F5uj5BCvjXlB904.xyklVU8d1xAuSBSk4ejCMQgh885tUEjOSgWoYSZrIDo%26dib_tag%3Dse%26keywords%3Ddell%2Blaptop%26qid%3D1729538367%26sr%3D8-17-spons%26sp_csd%3Dd2lkZ2V0TmFtZT1zcF9hdGZfbmV4dA%26psc%3D1
"Inspiron 15 3520 15.6"" FHD Laptop, Intel Core i7-1255U Processor, 32GB RAM,1TB SSD, SD Card Reader, WiFi, Bluetooth, Webcam, Win 11 Home, Alpacatec Accessories, Carbon Black",739,5.0 out of 5 stars,,https://www.amazon.com/sspa/click?ie=UTF8&spc=MTo3MzQxNTQ4MzQ3NTMwMDc4OjE3Mjk1MzgzNjc6c3BfYXRmX25leHQ6MzAwNDkwNjgzMzcwODAyOjowOjo&url=%2FDell-Processor-Bluetooth-Alpacatec-Accessories%2Fdp%2FB0BPHQFLZX%2Fref%3Dsr_1_18_sspa%3Fdib%3DeyJ2IjoiMSJ9.mvGS6Pjjske6YUIQSoSXi3_hX_pFDfJjjp5LWb7lV4yCuL_PglEwF58Jx6QHi9eWTC9lcoPiXHEYcN7Rh48ep5wHVjtilw23Lq8m74REvs3STF-tiLfFmebg1B5fayxtXDOaEaWAaHXGafdvBl4E_RPSnEW82QxMgr5sM3d2XSUSCvn9D2k0SsmKlA155gGaIvqY1O-PD3nT7WiHmHZ7GWhMS_A2F5uj5BCvjXlB904.xyklVU8d1xAuSBSk4ejCMQgh885tUEjOSgWoYSZrIDo%26dib_tag%3Dse%26keywords%3Ddell%2Blaptop%26qid%3D1729538367%26sr%3D8-18-spons%26sp_csd%3Dd2lkZ2V0TmFtZT1zcF9hdGZfbmV4dA%26psc%3D1
"Inspiron 15 3000 3520 Business Laptop Computer 15.6'' FHD Touchscreen,11th Gen Intel 4 Cores i5-1155G7, with Microsoft Office 365,32G,1TB, Numeric Keypad, Wi-Fi, Webcam, HDMI, Black",494,4.0 out of 5 stars,,https://www.amazon.com/Inspiron-Business-Touchscreen-i5-1155G7-Microsoft/dp/B0CTFMTHD8/ref=sr_1_19?dib=eyJ2IjoiMSJ9.mvGS6Pjjske6YUIQSoSXi3_hX_pFDfJjjp5LWb7lV4yCuL_PglEwF58Jx6QHi9eWTC9lcoPiXHEYcN7Rh48ep5wHVjtilw23Lq8m74REvs3STF-tiLfFmebg1B5fayxtXDOaEaWAaHXGafdvBl4E_RPSnEW82QxMgr5sM3d2XSUSCvn9D2k0SsmKlA155gGaIvqY1O-PD3nT7WiHmHZ7GWhMS_A2F5uj5BCvjXlB904.xyklVU8d1xAuSBSk4ejCMQgh885tUEjOSgWoYSZrIDo&dib_tag=se&keywords=dell+laptop&qid=1729538367&sr=8-19
"Inspiron 15 3520 3000 15.6"" Touchscreen FHD Business Laptop Computer, 12th Gen Intel 10-Core i5-1235U (Beat i7-1195G7), 16GB DDR4 RAM, 512GB PCIe SSD, 802.11AC WiFi, Bluetooth, Windows 11 Pro S",549,5.0 out of 5 stars,,https://www.amazon.com/Dell-3520-Touchscreen-i7-1195G7-Bluetooth/dp/B0DBHMYX5T/ref=sr_1_20?dib=eyJ2IjoiMSJ9.mvGS6Pjjske6YUIQSoSXi3_hX_pFDfJjjp5LWb7lV4yCuL_PglEwF58Jx6QHi9eWTC9lcoPiXHEYcN7Rh48ep5wHVjtilw23Lq8m74REvs3STF-tiLfFmebg1B5fayxtXDOaEaWAaHXGafdvBl4E_RPSnEW82QxMgr5sM3d2XSUSCvn9D2k0SsmKlA155gGaIvqY1O-PD3nT7WiHmHZ7GWhMS_A2F5uj5BCvjXlB904.xyklVU8d1xAuSBSk4ejCMQgh885tUEjOSgWoYSZrIDo&dib_tag=se&keywords=dell+laptop&qid=1729538367&sr=8-20
"Newest 14"" Ultral Light Laptop for Students and Business, Intel Quad-Core N4120, 8GB RAM, 192GB Storage(64GB eMMC+128GB Micro SD), 1 Year Office 365, Webcam, HDMI, WiFi, USB-A&C, Win 11 S",249,4.0 out of 5 stars,,https://www.amazon.com/HP-Students-Business-Quad-Core-Storage/dp/B0B2D77YB8/ref=sr_1_21?dib=eyJ2IjoiMSJ9.mvGS6Pjjske6YUIQSoSXi3_hX_pFDfJjjp5LWb7lV4yCuL_PglEwF58Jx6QHi9eWTC9lcoPiXHEYcN7Rh48ep5wHVjtilw23Lq8m74REvs3STF-tiLfFmebg1B5fayxtXDOaEaWAaHXGafdvBl4E_RPSnEW82QxMgr5sM3d2XSUSCvn9D2k0SsmKlA155gGaIvqY1O-PD3nT7WiHmHZ7GWhMS_A2F5uj5BCvjXlB904.xyklVU8d1xAuSBSk4ejCMQgh885tUEjOSgWoYSZrIDo&dib_tag=se&keywords=dell+laptop&qid=1729538367&sr=8-21
"Inspiron 3520 15.6"" FHD Laptop, Intel Core i7-1255U Processor, 32GB RAM, 1TB SSD, Webcam, HDMI, SD-Card Slot, Wi-Fi 6, Windows 11 Home, Black",630,3.6 out of 5 stars,,https://www.amazon.com/Dell-Inspiron-3520-i7-1255U-Processor/dp/B0C9RVBJDW/ref=sr_1_22?dib=eyJ2IjoiMSJ9.mvGS6Pjjske6YUIQSoSXi3_hX_pFDfJjjp5LWb7lV4yCuL_PglEwF58Jx6QHi9eWTC9lcoPiXHEYcN7Rh48ep5wHVjtilw23Lq8m74REvs3STF-tiLfFmebg1B5fayxtXDOaEaWAaHXGafdvBl4E_RPSnEW82QxMgr5sM3d2XSUSCvn9D2k0SsmKlA155gGaIvqY1O-PD3nT7WiHmHZ7GWhMS_A2F5uj5BCvjXlB904.xyklVU8d1xAuSBSk4ejCMQgh885tUEjOSgWoYSZrIDo&dib_tag=se&keywords=dell+laptop&qid=1729538367&sr=8-22
"Inspiron 15 3000 3520 15.6"" FHD Touchscreen (Intel 4-Core i5-1135G7, 16GB RAM, 512GB PCIe SSD, UHD Graphics) Business Laptop, WVA Anti-Glare, Numeric Keypad, Webcam, Wi-Fi, Win 11 Pro, Black",447,4.2 out of 5 stars,,https://www.amazon.com/Dell-Inspiron-3520-Touchscreen-Anti-Glare/dp/B0C1TVRDXX/ref=sr_1_23?dib=eyJ2IjoiMSJ9.mvGS6Pjjske6YUIQSoSXi3_hX_pFDfJjjp5LWb7lV4yCuL_PglEwF58Jx6QHi9eWTC9lcoPiXHEYcN7Rh48ep5wHVjtilw23Lq8m74REvs3STF-tiLfFmebg1B5fayxtXDOaEaWAaHXGafdvBl4E_RPSnEW82QxMgr5sM3d2XSUSCvn9D2k0SsmKlA155gGaIvqY1O-PD3nT7WiHmHZ7GWhMS_A2F5uj5BCvjXlB904.xyklVU8d1xAuSBSk4ejCMQgh885tUEjOSgWoYSZrIDo&dib_tag=se&keywords=dell+laptop&qid=1729538367&sr=8-23
"Inspiron 15 3000 Series 3511 Laptop, 15.6"" FHD Touchscreen, Intel Core i5-1035G1, 32GB DDR4 RAM, 1TB PCIe SSD, SD Card Reader, Webcam, HDMI, Wi-Fi, Windows 11 Home, Black",504,4.1 out of 5 stars,,https://www.amazon.com/Dell-Inspiron-3511-Touchscreen-i5-1135G7/dp/B0B29C364N/ref=sr_1_24?dib=eyJ2IjoiMSJ9.mvGS6Pjjske6YUIQSoSXi3_hX_pFDfJjjp5LWb7lV4yCuL_PglEwF58Jx6QHi9eWTC9lcoPiXHEYcN7Rh48ep5wHVjtilw23Lq8m74REvs3STF-tiLfFmebg1B5fayxtXDOaEaWAaHXGafdvBl4E_RPSnEW82QxMgr5sM3d2XSUSCvn9D2k0SsmKlA155gGaIvqY1O-PD3nT7WiHmHZ7GWhMS_A2F5uj5BCvjXlB904.xyklVU8d1xAuSBSk4ejCMQgh885tUEjOSgWoYSZrIDo&dib_tag=se&keywords=dell+laptop&qid=1729538367&sr=8-24
"Inspiron 15 3000 3520 Business Laptop 15.6"" FHD WVA Anti-Glare 120Hz Display 12th Generation Intel 10-Core i7-1255U Processor 16GB RAM 1TB SSD Intel Iris Xe Graphics HDMI Win11 Black",639,4.4 out of 5 stars,,https://www.amazon.com/Dell-Inspiron-15-3000-3520/dp/B0BWF34HV4/ref=sr_1_25?dib=eyJ2IjoiMSJ9.mvGS6Pjjske6YUIQSoSXi3_hX_pFDfJjjp5LWb7lV4yCuL_PglEwF58Jx6QHi9eWTC9lcoPiXHEYcN7Rh48ep5wHVjtilw23Lq8m74REvs3STF-tiLfFmebg1B5fayxtXDOaEaWAaHXGafdvBl4E_RPSnEW82QxMgr5sM3d2XSUSCvn9D2k0SsmKlA155gGaIvqY1O-PD3nT7WiHmHZ7GWhMS_A2F5uj5BCvjXlB904.xyklVU8d1xAuSBSk4ejCMQgh885tUEjOSgWoYSZrIDo&dib_tag=se&keywords=dell+laptop&qid=1729538367&sr=8-25
"2023 Newest Inspiron 15 3520 Business Laptop, 15.6"" FHD Display, 12th Gen Intel Core i3-1215U (6 cores), 8GB RAM, 512GB SSD, Intel UHD Graphics, Wi-Fi 6, Bluetooth, Anti-Glare, Windows 11 Home",355,4.3 out of 5 stars,,https://www.amazon.com/Dell-Inspiron-Business-Bluetooth-Anti-Glare/dp/B0CKPHWDMV/ref=sr_1_26?dib=eyJ2IjoiMSJ9.mvGS6Pjjske6YUIQSoSXi3_hX_pFDfJjjp5LWb7lV4yCuL_PglEwF58Jx6QHi9eWTC9lcoPiXHEYcN7Rh48ep5wHVjtilw23Lq8m74REvs3STF-tiLfFmebg1B5fayxtXDOaEaWAaHXGafdvBl4E_RPSnEW82QxMgr5sM3d2XSUSCvn9D2k0SsmKlA155gGaIvqY1O-PD3nT7WiHmHZ7GWhMS_A2F5uj5BCvjXlB904.xyklVU8d1xAuSBSk4ejCMQgh885tUEjOSgWoYSZrIDo&dib_tag=se&keywords=dell+laptop&qid=1729538367&sr=8-26
"15 15.6"" FHD 120Hz Business Laptop Computer, Intel 10-Core i5-1235U (Beat i7-1195G7), 32GB DDR4 RAM, 1TB PCIe SSD, 802.11ac WiFi, Bluetooth, RJ-45, HDMI, Carbon Black, Windows 11 Pro",565,3.4 out of 5 stars,,https://www.amazon.com/sspa/click?ie=UTF8&spc=MTo3MzQxNTQ4MzQ3NTMwMDc4OjE3Mjk1MzgzNjc6c3BfbXRmOjMwMDQyMTM2NjIwMjIwMjo6MDo6&url=%2FDell-15-Business-i7-1195G7-Bluetooth%2Fdp%2FB0DGQJQB8X%2Fref%3Dsr_1_27_sspa%3Fdib%3DeyJ2IjoiMSJ9.mvGS6Pjjske6YUIQSoSXi3_hX_pFDfJjjp5LWb7lV4yCuL_PglEwF58Jx6QHi9eWTC9lcoPiXHEYcN7Rh48ep5wHVjtilw23Lq8m74REvs3STF-tiLfFmebg1B5fayxtXDOaEaWAaHXGafdvBl4E_RPSnEW82QxMgr5sM3d2XSUSCvn9D2k0SsmKlA155gGaIvqY1O-PD3nT7WiHmHZ7GWhMS_A2F5uj5BCvjXlB904.xyklVU8d1xAuSBSk4ejCMQgh885tUEjOSgWoYSZrIDo%26dib_tag%3Dse%26keywords%3Ddell%2Blaptop%26qid%3D1729538367%26sr%3D8-27-spons%26sp_csd%3Dd2lkZ2V0TmFtZT1zcF9tdGY%26psc%3D1
"Laptop Computer with MS Office 2024, 14.1 inch HD Display, 8GB RAM/128GB NVMe SSD, N5095 Quad Core Processor Notebook PC, Support 2.4G/5G Hz WiFi, BT",249,4.5 out of 5 stars,,https://www.amazon.com/sspa/click?ie=UTF8&spc=MTo3MzQxNTQ4MzQ3NTMwMDc4OjE3Mjk1MzgzNjc6c3BfbXRmOjMwMDQ4NDM2NDk0MzkwMjo6MDo6&url=%2FRIANIFEL-Computer-Processor-Notebook-Charging%2Fdp%2FB0D1VF5YDY%2Fref%3Dsr_1_28_sspa%3Fdib%3DeyJ2IjoiMSJ9.mvGS6Pjjske6YUIQSoSXi3_hX_pFDfJjjp5LWb7lV4yCuL_PglEwF58Jx6QHi9eWTC9lcoPiXHEYcN7Rh48ep5wHVjtilw23Lq8m74REvs3STF-tiLfFmebg1B5fayxtXDOaEaWAaHXGafdvBl4E_RPSnEW82QxMgr5sM3d2XSUSCvn9D2k0SsmKlA155gGaIvqY1O-PD3nT7WiHmHZ7GWhMS_A2F5uj5BCvjXlB904.xyklVU8d1xAuSBSk4ejCMQgh885tUEjOSgWoYSZrIDo%26dib_tag%3Dse%26keywords%3Ddell%2Blaptop%26qid%3D1729538367%26sr%3D8-28-spons%26sp_csd%3Dd2lkZ2V0TmFtZT1zcF9tdGY%26psc%3D1
"Inspiron 15 15.6"" Business Laptop (FHD Touchscreen, AMD Ryzen 5 7530U, 16GB RAM, 512GB PCIe SSD, (6-Core Beat i7-1165G7)) Numeric Keypad, Webcam, 2024 Inspiron 3000 3535, Win 11 Pro, Carbon Black",529,4.2 out of 5 stars,,https://www.amazon.com/Inspiron-Business-Touchscreen-i7-1165G7-3535/dp/B0CDB8CZHZ/ref=sr_1_30?dib=eyJ2IjoiMSJ9.mvGS6Pjjske6YUIQSoSXi3_hX_pFDfJjjp5LWb7lV4yCuL_PglEwF58Jx6QHi9eWTC9lcoPiXHEYcN7Rh48ep5wHVjtilw23Lq8m74REvs3STF-tiLfFmebg1B5fayxtXDOaEaWAaHXGafdvBl4E_RPSnEW82QxMgr5sM3d2XSUSCvn9D2k0SsmKlA155gGaIvqY1O-PD3nT7WiHmHZ7GWhMS_A2F5uj5BCvjXlB904.xyklVU8d1xAuSBSk4ejCMQgh885tUEjOSgWoYSZrIDo&dib_tag=se&keywords=dell+laptop&qid=1729538367&sr=8-30
"2023 Inspiron 15 3000 Business Laptop, 15.6"" FHD Display, 12th Gen Intel Core i7-1255U,Windows 11 Pro, 16GB DDR4 RAM, 512GB SSD, WiFi 6, Long Battery Life",575,3.9 out of 5 stars,,https://www.amazon.com/Inspiron-Business-Display-i7-1255U-Windows/dp/B0CJ6LM81F/ref=sr_1_33?dib=eyJ2IjoiMSJ9.mvGS6Pjjske6YUIQSoSXi3_hX_pFDfJjjp5LWb7lV4yCuL_PglEwF58Jx6QHi9eWTC9lcoPiXHEYcN7Rh48ep5wHVjtilw23Lq8m74REvs3STF-tiLfFmebg1B5fayxtXDOaEaWAaHXGafdvBl4E_RPSnEW82QxMgr5sM3d2XSUSCvn9D2k0SsmKlA155gGaIvqY1O-PD3nT7WiHmHZ7GWhMS_A2F5uj5BCvjXlB904.xyklVU8d1xAuSBSk4ejCMQgh885tUEjOSgWoYSZrIDo&dib_tag=se&keywords=dell+laptop&qid=1729538367&sr=8-33
"Newest Inspiron 15 Business Laptop - with Microsoft Office Lifetime License, 15.6"" FHD Display, Intel 6-Core i3-1215U (up to 4.4GHz), 8GB RAM, 512GB SSD, Wi-Fi, Bluetooth, HDMI, Windows 11 Home",435,The seller rating is 4.3 out of 5 stars and has 47 customer reviews.,,https://www.amazon.com/Dell-Newest-Inspiron-Business-Laptop/dp/B0D46L6QT6/ref=sr_1_35?dib=eyJ2IjoiMSJ9.mvGS6Pjjske6YUIQSoSXi3_hX_pFDfJjjp5LWb7lV4yCuL_PglEwF58Jx6QHi9eWTC9lcoPiXHEYcN7Rh48ep5wHVjtilw23Lq8m74REvs3STF-tiLfFmebg1B5fayxtXDOaEaWAaHXGafdvBl4E_RPSnEW82QxMgr5sM3d2XSUSCvn9D2k0SsmKlA155gGaIvqY1O-PD3nT7WiHmHZ7GWhMS_A2F5uj5BCvjXlB904.xyklVU8d1xAuSBSk4ejCMQgh885tUEjOSgWoYSZrIDo&dib_tag=se&keywords=dell+laptop&qid=1729538367&sr=8-35
"16 Inch Laptop Computer, Gaming Laptop, 16GB RAM 512GB SSD, Intel 12th Gen N95 Processor(up to 3.4GHz), FHD 1920 * 1200, 180 Angle Opening, Fingerprint Unlock, Backlit Keyboard, Windows 11 Pro",349,4.0 out of 5 stars,,https://www.amazon.com/sspa/click?ie=UTF8&spc=MTo3MzQxNTQ4MzQ3NTMwMDc4OjE3Mjk1MzgzNjc6c3BfYnRmOjMwMDM5MjA1MjAzMjAwMjo6MDo6&url=%2FFUNYET-Computer-Processor-Fingerprint-Keyboard%2Fdp%2FB0CGRTXH96%2Fref%3Dsr_1_37_sspa%3Fdib%3DeyJ2IjoiMSJ9.mvGS6Pjjske6YUIQSoSXi3_hX_pFDfJjjp5LWb7lV4yCuL_PglEwF58Jx6QHi9eWTC9lcoPiXHEYcN7Rh48ep5wHVjtilw23Lq8m74REvs3STF-tiLfFmebg1B5fayxtXDOaEaWAaHXGafdvBl4E_RPSnEW82QxMgr5sM3d2XSUSCvn9D2k0SsmKlA155gGaIvqY1O-PD3nT7WiHmHZ7GWhMS_A2F5uj5BCvjXlB904.xyklVU8d1xAuSBSk4ejCMQgh885tUEjOSgWoYSZrIDo%26dib_tag%3Dse%26keywords%3Ddell%2Blaptop%26qid%3D1729538367%26sr%3D8-37-spons%26sp_csd%3Dd2lkZ2V0TmFtZT1zcF9idGY%26psc%3D1
"14.1 Inch Laptop, 8GB DDR4 RAM 256GB SSD, Laptops Computer with Quad-Core Celeron CPU J4125 (Up to 2.7GHz), 14.1"" FHD IPS 1920x1080 Screen, WiFi, Webcam, USB3.0x2, Mini HDMI, Silver",199,4.1 out of 5 stars,,https://www.amazon.com/sspa/click?ie=UTF8&spc=MTo3MzQxNTQ4MzQ3NTMwMDc4OjE3Mjk1MzgzNjc6c3BfYnRmOjMwMDIzOTYzNjExMzEwMjo6MDo6&url=%2FKurieTim-Computer-Quad-Core-1920x1080-USB3-0x2%2Fdp%2FB0D41L7ZW6%2Fref%3Dsr_1_38_sspa%3Fdib%3DeyJ2IjoiMSJ9.mvGS6Pjjske6YUIQSoSXi3_hX_pFDfJjjp5LWb7lV4yCuL_PglEwF58Jx6QHi9eWTC9lcoPiXHEYcN7Rh48ep5wHVjtilw23Lq8m74REvs3STF-tiLfFmebg1B5fayxtXDOaEaWAaHXGafdvBl4E_RPSnEW82QxMgr5sM3d2XSUSCvn9D2k0SsmKlA155gGaIvqY1O-PD3nT7WiHmHZ7GWhMS_A2F5uj5BCvjXlB904.xyklVU8d1xAuSBSk4ejCMQgh885tUEjOSgWoYSZrIDo%26dib_tag%3Dse%26keywords%3Ddell%2Blaptop%26qid%3D1729538367%26sr%3D8-38-spons%26sp_csd%3Dd2lkZ2V0TmFtZT1zcF9idGY%26psc%3D1
"USB C Docking Station Triple Monitor,16 in1 Laptop Docking Station with 2 HDMI,DP 4K@60Hz Dock, 8 USB A/C Port,Ethernet,Audio/Mic,SD/TF,65W AC Power Adapter for Dell HP Windows Laptops",139,4.1 out of 5 stars,,https://www.amazon.com/sspa/click?ie=UTF8&spc=MToyMjgyNTAxMjQ0Nzk1ODIzOjE3Mjk1MzgzNzA6c3BfYXRmX25leHQ6MzAwNDgyMjE3ODM4MDAyOjowOjo&url=%2FDocking-Station-Monitor-Ethernet-Adapter%2Fdp%2FB0CW2KYR8S%2Fref%3Dsr_1_33_sspa%3Fdib%3DeyJ2IjoiMSJ9.n-9gVUaog6Owx8JfP_R3GPs2310xE-G43KZR-NgETKC1j4_BjZDS6DlTLtGUSggNgd6oRJhT7x8gEK8JhvxGTi3HWQna4b-3g_z_E3-ikPUbHNDWZw2XCtr8kpSz6Km5Fgno__I9_0t3tAtU9GhbRvdMZlncLflzv4PFETnQ1jcznrXy8EQJVsXX12EB1kG47jNlw6HfOHvMJT0JWay9KUccG5d6X4V5hZCmMaaVaKE.kchLeMEoTo_ZvnxBcSkYCfYDoUYh2F-zBE4jbwx2VYU%26dib_tag%3Dse%26keywords%3Ddell%2Blaptop%26qid%3D1729538370%26sr%3D8-33-spons%26sp_csd%3Dd2lkZ2V0TmFtZT1zcF9hdGZfbmV4dA%26psc%3D1
"Latitude 3540 15.6"" FHD Business Laptop Computer, Intel 10-Core i5-1235U (Beat i7-1195G7), 64GB DDR4 RAM, 4TB PCIe SSD, WiFi 6E, Bluetooth, Black, Windows 11 Pro","1,179",4.5 out of 5 stars,,https://www.amazon.com/sspa/click?ie=UTF8&spc=MToyMjgyNTAxMjQ0Nzk1ODIzOjE3Mjk1MzgzNzA6c3BfYXRmX25leHQ6MzAwMTU1MjY3NjQ3OTAyOjowOjo&url=%2FDell-Latitude-3540-i7-1195G7-Bluetooth%2Fdp%2FB0CTKK917J%2Fref%3Dsr_1_34_sspa%3Fdib%3DeyJ2IjoiMSJ9.n-9gVUaog6Owx8JfP_R3GPs2310xE-G43KZR-NgETKC1j4_BjZDS6DlTLtGUSggNgd6oRJhT7x8gEK8JhvxGTi3HWQna4b-3g_z_E3-ikPUbHNDWZw2XCtr8kpSz6Km5Fgno__I9_0t3tAtU9GhbRvdMZlncLflzv4PFETnQ1jcznrXy8EQJVsXX12EB1kG47jNlw6HfOHvMJT0JWay9KUccG5d6X4V5hZCmMaaVaKE.kchLeMEoTo_ZvnxBcSkYCfYDoUYh2F-zBE4jbwx2VYU%26dib_tag%3Dse%26keywords%3Ddell%2Blaptop%26qid%3D1729538370%26sr%3D8-34-spons%26sp_csd%3Dd2lkZ2V0TmFtZT1zcF9hdGZfbmV4dA%26psc%3D1
"Inspiron 3000 Series 3511 Laptop, 15.6"" FHD Touchscreen, Intel Core i5-1135G7, 32GB DDR4 RAM, 2TB PCIe SSD, Webcam, SD Card Reader, HDMI, Wi-Fi, Windows 11 Home, Black",575,3.7 out of 5 stars,,https://www.amazon.com/Dell-Inspiron-3511-Touchscreen-i5-1135G7/dp/B0BZQKHWRW/ref=sr_1_35?dib=eyJ2IjoiMSJ9.n-9gVUaog6Owx8JfP_R3GPs2310xE-G43KZR-NgETKC1j4_BjZDS6DlTLtGUSggNgd6oRJhT7x8gEK8JhvxGTi3HWQna4b-3g_z_E3-ikPUbHNDWZw2XCtr8kpSz6Km5Fgno__I9_0t3tAtU9GhbRvdMZlncLflzv4PFETnQ1jcznrXy8EQJVsXX12EB1kG47jNlw6HfOHvMJT0JWay9KUccG5d6X4V5hZCmMaaVaKE.kchLeMEoTo_ZvnxBcSkYCfYDoUYh2F-zBE4jbwx2VYU&dib_tag=se&keywords=dell+laptop&qid=1729538370&sr=8-35
"Newest 13th Generation Business Inspiron 15 3530 Laptop, 15.6"" FHD Touchscreen, Intel Core i7-1355U, 64GB RAM, 1TB SSD, Webcam, HDMI, Wi-Fi 6, Windows 11 Pro, Black",832,4.6 out of 5 stars,,https://www.amazon.com/Dell-Generation-Inspiron-3530-Touchscreen/dp/B0CB71FG32/ref=sr_1_36?dib=eyJ2IjoiMSJ9.n-9gVUaog6Owx8JfP_R3GPs2310xE-G43KZR-NgETKC1j4_BjZDS6DlTLtGUSggNgd6oRJhT7x8gEK8JhvxGTi3HWQna4b-3g_z_E3-ikPUbHNDWZw2XCtr8kpSz6Km5Fgno__I9_0t3tAtU9GhbRvdMZlncLflzv4PFETnQ1jcznrXy8EQJVsXX12EB1kG47jNlw6HfOHvMJT0JWay9KUccG5d6X4V5hZCmMaaVaKE.kchLeMEoTo_ZvnxBcSkYCfYDoUYh2F-zBE4jbwx2VYU&dib_tag=se&keywords=dell+laptop&qid=1729538370&sr=8-36
"Newest 13th Generation Business Inspiron 15 3530 Laptop, 15.6"" FHD Touchscreen, Intel Core i7-1355U, 32GB RAM, 1TB SSD, Webcam, HDMI, Wi-Fi 6, Windows 11 Pro, Black",780,3.8 out of 5 stars,,https://www.amazon.com/Dell-Generation-Inspiron-3530-Touchscreen/dp/B0CB6ZWHGT/ref=sr_1_37?dib=eyJ2IjoiMSJ9.n-9gVUaog6Owx8JfP_R3GPs2310xE-G43KZR-NgETKC1j4_BjZDS6DlTLtGUSggNgd6oRJhT7x8gEK8JhvxGTi3HWQna4b-3g_z_E3-ikPUbHNDWZw2XCtr8kpSz6Km5Fgno__I9_0t3tAtU9GhbRvdMZlncLflzv4PFETnQ1jcznrXy8EQJVsXX12EB1kG47jNlw6HfOHvMJT0JWay9KUccG5d6X4V5hZCmMaaVaKE.kchLeMEoTo_ZvnxBcSkYCfYDoUYh2F-zBE4jbwx2VYU&dib_tag=se&keywords=dell+laptop&qid=1729538370&sr=8-37
"15.6"" FHD Business Laptop, 32GB RAM,1TB PCIe SSD, 12th Intel 10-Core i5-1235U(Beat i5-1125G4), Type-C, HDMI, Webcam, Windows 11+w/TP Accessories",569,4.5 out of 5 stars,,https://www.amazon.com/HP-Business-i5-1235U-i5-1125G4-Accessories/dp/B0DBHMR76T/ref=sr_1_39?dib=eyJ2IjoiMSJ9.n-9gVUaog6Owx8JfP_R3GPs2310xE-G43KZR-NgETKC1j4_BjZDS6DlTLtGUSggNgd6oRJhT7x8gEK8JhvxGTi3HWQna4b-3g_z_E3-ikPUbHNDWZw2XCtr8kpSz6Km5Fgno__I9_0t3tAtU9GhbRvdMZlncLflzv4PFETnQ1jcznrXy8EQJVsXX12EB1kG47jNlw6HfOHvMJT0JWay9KUccG5d6X4V5hZCmMaaVaKE.kchLeMEoTo_ZvnxBcSkYCfYDoUYh2F-zBE4jbwx2VYU&dib_tag=se&keywords=dell+laptop&qid=1729538370&sr=8-39
"Newest 13th Generation Business Inspiron 15 3530 Laptop, 15.6"" FHD Touchscreen, Intel Core i7-1355U, 64GB RAM, 2TB SSD, Webcam, HDMI, Wi-Fi 6, Windows 11 Pro, Black",910,4.1 out of 5 stars,,https://www.amazon.com/Dell-Generation-Inspiron-3530-Touchscreen/dp/B0CB6WK5VD/ref=sr_1_40?dib=eyJ2IjoiMSJ9.n-9gVUaog6Owx8JfP_R3GPs2310xE-G43KZR-NgETKC1j4_BjZDS6DlTLtGUSggNgd6oRJhT7x8gEK8JhvxGTi3HWQna4b-3g_z_E3-ikPUbHNDWZw2XCtr8kpSz6Km5Fgno__I9_0t3tAtU9GhbRvdMZlncLflzv4PFETnQ1jcznrXy8EQJVsXX12EB1kG47jNlw6HfOHvMJT0JWay9KUccG5d6X4V5hZCmMaaVaKE.kchLeMEoTo_ZvnxBcSkYCfYDoUYh2F-zBE4jbwx2VYU&dib_tag=se&keywords=dell+laptop&qid=1729538370&sr=8-40
"2023 Newest Inspiron 15 3525 Laptop, 15.6"" FHD Display, AMD Ryzen 5 5500U Processor up to 4GHz, 32GB RAM, 1TB SSD, AMD Radeon Graphics, Wi-Fi, Bluetooth, Windows 11 Home",528,4.2 out of 5 stars,,https://www.amazon.com/Dell-Inspiron-15-3525-Laptop/dp/B0CKMXV4ZX/ref=sr_1_41?dib=eyJ2IjoiMSJ9.n-9gVUaog6Owx8JfP_R3GPs2310xE-G43KZR-NgETKC1j4_BjZDS6DlTLtGUSggNgd6oRJhT7x8gEK8JhvxGTi3HWQna4b-3g_z_E3-ikPUbHNDWZw2XCtr8kpSz6Km5Fgno__I9_0t3tAtU9GhbRvdMZlncLflzv4PFETnQ1jcznrXy8EQJVsXX12EB1kG47jNlw6HfOHvMJT0JWay9KUccG5d6X4V5hZCmMaaVaKE.kchLeMEoTo_ZvnxBcSkYCfYDoUYh2F-zBE4jbwx2VYU&dib_tag=se&keywords=dell+laptop&qid=1729538370&sr=8-41
"Inspiron 5645 Laptop - 16.0 16:10 FHD+ (1920 x 1200) Display, AMD Ryzen 7-8840U, 16GB DDR5 RAM, 1TB SSD, AMD Radeon Graphics, Windows 11 Home, Onsite & Migrate Services - Midnight Blue",798,4.2 out of 5 stars,,https://www.amazon.com/Dell-Inspiron-5645-Laptop-Graphics/dp/B0CZ59B6MH/ref=sr_1_42?dib=eyJ2IjoiMSJ9.n-9gVUaog6Owx8JfP_R3GPs2310xE-G43KZR-NgETKC1j4_BjZDS6DlTLtGUSggNgd6oRJhT7x8gEK8JhvxGTi3HWQna4b-3g_z_E3-ikPUbHNDWZw2XCtr8kpSz6Km5Fgno__I9_0t3tAtU9GhbRvdMZlncLflzv4PFETnQ1jcznrXy8EQJVsXX12EB1kG47jNlw6HfOHvMJT0JWay9KUccG5d6X4V5hZCmMaaVaKE.kchLeMEoTo_ZvnxBcSkYCfYDoUYh2F-zBE4jbwx2VYU&dib_tag=se&keywords=dell+laptop&qid=1729538370&sr=8-42
"2024 Premium 14"" Micro-Edge Portable Laptop Student Business, Intel Quad-Core N4120, 4GB RAM, 128GB (64GB eMMC+ 64GB Card), Webcam, WiFi, Windows 11S + 1 Year Office 365, MarxsolAccessory White",224,4.2 out of 5 stars,,https://www.amazon.com/sspa/click?ie=UTF8&spc=MToyMjgyNTAxMjQ0Nzk1ODIzOjE3Mjk1MzgzNzA6c3BfbXRmOjMwMDE5MzcwNDIxNTgwMjo6MDo6&url=%2FHP-14-Micro-Edge-Laptop-MarxsolAccessory%2Fdp%2FB0D1GWMVF9%2Fref%3Dsr_1_43_sspa%3Fdib%3DeyJ2IjoiMSJ9.n-9gVUaog6Owx8JfP_R3GPs2310xE-G43KZR-NgETKC1j4_BjZDS6DlTLtGUSggNgd6oRJhT7x8gEK8JhvxGTi3HWQna4b-3g_z_E3-ikPUbHNDWZw2XCtr8kpSz6Km5Fgno__I9_0t3tAtU9GhbRvdMZlncLflzv4PFETnQ1jcznrXy8EQJVsXX12EB1kG47jNlw6HfOHvMJT0JWay9KUccG5d6X4V5hZCmMaaVaKE.kchLeMEoTo_ZvnxBcSkYCfYDoUYh2F-zBE4jbwx2VYU%26dib_tag%3Dse%26keywords%3Ddell%2Blaptop%26qid%3D1729538370%26sr%3D8-43-spons%26sp_csd%3Dd2lkZ2V0TmFtZT1zcF9tdGY%26psc%3D1
"Docking Station Dual Monitor for Dell/HP/Lenovo/Mac Laptop, USB C Laptop Docking Station Dual Monitor, Dual HDMI Adapter for 2 Monitors, 8 in 1 USB C Hub Multiport Adapter with HDMI/USB/PD/SD/TF",29,4.5 out of 5 stars,,https://www.amazon.com/sspa/click?ie=UTF8&spc=MToyMjgyNTAxMjQ0Nzk1ODIzOjE3Mjk1MzgzNzA6c3BfbXRmOjMwMDQ3NjY1OTYzMjgwMjo6MDo6&url=%2FDocking-Station-Monitor-Monitors-Multiport%2Fdp%2FB0DHPGP6BH%2Fref%3Dsr_1_44_sspa%3Fdib%3DeyJ2IjoiMSJ9.n-9gVUaog6Owx8JfP_R3GPs2310xE-G43KZR-NgETKC1j4_BjZDS6DlTLtGUSggNgd6oRJhT7x8gEK8JhvxGTi3HWQna4b-3g_z_E3-ikPUbHNDWZw2XCtr8kpSz6Km5Fgno__I9_0t3tAtU9GhbRvdMZlncLflzv4PFETnQ1jcznrXy8EQJVsXX12EB1kG47jNlw6HfOHvMJT0JWay9KUccG5d6X4V5hZCmMaaVaKE.kchLeMEoTo_ZvnxBcSkYCfYDoUYh2F-zBE4jbwx2VYU%26dib_tag%3Dse%26keywords%3Ddell%2Blaptop%26qid%3D1729538370%26sr%3D8-44-spons%26sp_csd%3Dd2lkZ2V0TmFtZT1zcF9tdGY%26psc%3D1
"Latitude 15.6 Inch FHD Business Laptop, Intel Core i7-1165G7, 64GB RAM, 2TB SSD, Windows 11 Pro, Fingerprint Reader, HDMI, SD Card, Black","1,399",5.0 out of 5 stars,,https://www.amazon.com/Dell-Latitude-Business-i7-1165G7-Fingerprint/dp/B0CFLL3M6N/ref=sr_1_46?dib=eyJ2IjoiMSJ9.n-9gVUaog6Owx8JfP_R3GPs2310xE-G43KZR-NgETKC1j4_BjZDS6DlTLtGUSggNgd6oRJhT7x8gEK8JhvxGTi3HWQna4b-3g_z_E3-ikPUbHNDWZw2XCtr8kpSz6Km5Fgno__I9_0t3tAtU9GhbRvdMZlncLflzv4PFETnQ1jcznrXy8EQJVsXX12EB1kG47jNlw6HfOHvMJT0JWay9KUccG5d6X4V5hZCmMaaVaKE.kchLeMEoTo_ZvnxBcSkYCfYDoUYh2F-zBE4jbwx2VYU&dib_tag=se&keywords=dell+laptop&qid=1729538370&sr=8-46
"Vostro 14 3000 3420 14"" FHD Business Laptop Computer, 12th Gen Intel 10-Core i5-1235U (Beat i7-1195G7), 16GB DDR4 RAM, 512GB PCIe SSD, 802.11AC WiFi, Bluetooth, Silver, Windows 11 Pro",539,5.0 out of 5 stars,,https://www.amazon.com/Dell-14-3420-i7-1195G7-Bluetooth/dp/B08Y8LZDHK/ref=sr_1_47?dib=eyJ2IjoiMSJ9.n-9gVUaog6Owx8JfP_R3GPs2310xE-G43KZR-NgETKC1j4_BjZDS6DlTLtGUSggNgd6oRJhT7x8gEK8JhvxGTi3HWQna4b-3g_z_E3-ikPUbHNDWZw2XCtr8kpSz6Km5Fgno__I9_0t3tAtU9GhbRvdMZlncLflzv4PFETnQ1jcznrXy8EQJVsXX12EB1kG47jNlw6HfOHvMJT0JWay9KUccG5d6X4V5hZCmMaaVaKE.kchLeMEoTo_ZvnxBcSkYCfYDoUYh2F-zBE4jbwx2VYU&dib_tag=se&keywords=dell+laptop&qid=1729538370&sr=8-47
"Inspiron 3520 15.6"" FHD Laptop, Intel Core i7-1255U Processor, 16GB RAM, 1TB SSD, Webcam, HDMI, SD-Card Slot, Wi-Fi 6, Windows 11 Home, Black",609,3.9 out of 5 stars,,https://www.amazon.com/Dell-Inspiron-3520-i7-1255U-Processor/dp/B0C9L7FXS7/ref=sr_1_48?dib=eyJ2IjoiMSJ9.n-9gVUaog6Owx8JfP_R3GPs2310xE-G43KZR-NgETKC1j4_BjZDS6DlTLtGUSggNgd6oRJhT7x8gEK8JhvxGTi3HWQna4b-3g_z_E3-ikPUbHNDWZw2XCtr8kpSz6Km5Fgno__I9_0t3tAtU9GhbRvdMZlncLflzv4PFETnQ1jcznrXy8EQJVsXX12EB1kG47jNlw6HfOHvMJT0JWay9KUccG5d6X4V5hZCmMaaVaKE.kchLeMEoTo_ZvnxBcSkYCfYDoUYh2F-zBE4jbwx2VYU&dib_tag=se&keywords=dell+laptop&qid=1729538370&sr=8-48
"Alienware X17 R2 2023 Gaming Laptop 17.3"" FHD IPS 14-Core Intel i7-12700H 64GB DDR5 2TB SSD NVIDIA GeForce RTX 3070Ti 8GB GDDR6 Thunderbolt 4 Wi-Fi 6E RGB Backlit Keyboard Windows 11 Pro","2,769",The seller rating is 4.0 out of 5 stars and has 88 customer reviews.,,https://www.amazon.com/Dell-Alienware-i7-12700H-Thunderbolt-Keyboard/dp/B0D83B5F3H/ref=sr_1_49?dib=eyJ2IjoiMSJ9.n-9gVUaog6Owx8JfP_R3GPs2310xE-G43KZR-NgETKC1j4_BjZDS6DlTLtGUSggNgd6oRJhT7x8gEK8JhvxGTi3HWQna4b-3g_z_E3-ikPUbHNDWZw2XCtr8kpSz6Km5Fgno__I9_0t3tAtU9GhbRvdMZlncLflzv4PFETnQ1jcznrXy8EQJVsXX12EB1kG47jNlw6HfOHvMJT0JWay9KUccG5d6X4V5hZCmMaaVaKE.kchLeMEoTo_ZvnxBcSkYCfYDoUYh2F-zBE4jbwx2VYU&dib_tag=se&keywords=dell+laptop&qid=1729538370&sr=8-49
"Latitude 3340 13.3"" Notebook - Full HD - 1920 x 1080 - Intel Core i3 13th Gen i3-1315U Hexa-core (6 Core) - 8 GB Total RAM - 8 GB On-Board Memory - 256 GB SSD - Titan Gray",759,,,https://www.amazon.com/Dell-Latitude-3340-Notebook-Board/dp/B0BBF5ZLJR/ref=sr_1_50?dib=eyJ2IjoiMSJ9.n-9gVUaog6Owx8JfP_R3GPs2310xE-G43KZR-NgETKC1j4_BjZDS6DlTLtGUSggNgd6oRJhT7x8gEK8JhvxGTi3HWQna4b-3g_z_E3-ikPUbHNDWZw2XCtr8kpSz6Km5Fgno__I9_0t3tAtU9GhbRvdMZlncLflzv4PFETnQ1jcznrXy8EQJVsXX12EB1kG47jNlw6HfOHvMJT0JWay9KUccG5d6X4V5hZCmMaaVaKE.kchLeMEoTo_ZvnxBcSkYCfYDoUYh2F-zBE4jbwx2VYU&dib_tag=se&keywords=dell+laptop&qid=1729538370&sr=8-50
"Touchscreen Notebook Laptop, 15.6"" HD, All-Metal Body N5095 Quad-core 2.9 GHz Processor, 16GB DDR4 256GB SSDï¼ŒFingerprint and Backlit Keyboard,FHD 1920 * 1080 IPS,WiFi,Windows 11 Home",289,3.9 out of 5 stars,,https://www.amazon.com/sspa/click?ie=UTF8&spc=MToyMjgyNTAxMjQ0Nzk1ODIzOjE3Mjk1MzgzNzA6c3BfYnRmOjMwMDI4OTIyNDgwNDMwMjo6MDo6&url=%2FMorostron-Quad-Core-Processor-All-Metal-Bluetooth4-2%2Fdp%2FB0CCD6YRCZ%2Fref%3Dsr_1_53_sspa%3Fdib%3DeyJ2IjoiMSJ9.n-9gVUaog6Owx8JfP_R3GPs2310xE-G43KZR-NgETKC1j4_BjZDS6DlTLtGUSggNgd6oRJhT7x8gEK8JhvxGTi3HWQna4b-3g_z_E3-ikPUbHNDWZw2XCtr8kpSz6Km5Fgno__I9_0t3tAtU9GhbRvdMZlncLflzv4PFETnQ1jcznrXy8EQJVsXX12EB1kG47jNlw6HfOHvMJT0JWay9KUccG5d6X4V5hZCmMaaVaKE.kchLeMEoTo_ZvnxBcSkYCfYDoUYh2F-zBE4jbwx2VYU%26dib_tag%3Dse%26keywords%3Ddell%2Blaptop%26qid%3D1729538370%26sr%3D8-53-spons%26sp_csd%3Dd2lkZ2V0TmFtZT1zcF9idGY%26psc%3D1
"2024 Newest 14"" Laptop Notebook Thin Light Students Business, Quad-Core Intel N4120, 4GB RAM, 192GB (128GB eMMC+ 64GB Card), 1 Year Office 365, Webcam, WiFi, Windows 11S, HubxcelAccessory Rose Gold",268,4.2 out of 5 stars,,https://www.amazon.com/sspa/click?ie=UTF8&spc=MToyMjgyNTAxMjQ0Nzk1ODIzOjE3Mjk1MzgzNzA6c3BfYnRmOjMwMDE3MjExOTI1NjYwMjo6MDo6&url=%2FHP-Newest-14-Laptop-HubxcelAccessory%2Fdp%2FB0D1LRVBWX%2Fref%3Dsr_1_54_sspa%3Fdib%3DeyJ2IjoiMSJ9.n-9gVUaog6Owx8JfP_R3GPs2310xE-G43KZR-NgETKC1j4_BjZDS6DlTLtGUSggNgd6oRJhT7x8gEK8JhvxGTi3HWQna4b-3g_z_E3-ikPUbHNDWZw2XCtr8kpSz6Km5Fgno__I9_0t3tAtU9GhbRvdMZlncLflzv4PFETnQ1jcznrXy8EQJVsXX12EB1kG47jNlw6HfOHvMJT0JWay9KUccG5d6X4V5hZCmMaaVaKE.kchLeMEoTo_ZvnxBcSkYCfYDoUYh2F-zBE4jbwx2VYU%26dib_tag%3Dse%26keywords%3Ddell%2Blaptop%26qid%3D1729538370%26sr%3D8-54-spons%26sp_csd%3Dd2lkZ2V0TmFtZT1zcF9idGY%26psc%3D1
"Latitude 3540 15.6"" FHD Business Laptop Computer, Intel 10-Core i5-1235U (Beat i7-1195G7), 16GB DDR4 RAM, 256GB PCIe SSD, WiFi 6E, Bluetooth, Black, Windows 11 Pro",789,4.5 out of 5 stars,,https://www.amazon.com/sspa/click?ie=UTF8&spc=MTo1Nzk1MzIxOTgxNDYyNTQ3OjE3Mjk1MzgzNzQ6c3BfYXRmX25leHQ6MzAwMTU1MjY3NjQ4MjAyOjowOjo&url=%2FDell-Latitude-3540-i7-1195G7-Bluetooth%2Fdp%2FB0CTKJTKYJ%2Fref%3Dsr_1_49_sspa%3Fdib%3DeyJ2IjoiMSJ9.AUKEd7aVAlh4QY2n78nbsliX-sL_QZjxlft_SqzKAW_Ka-28-5dz7k9SP-mPlgWGXT59esHL0wp6ga6vvYDVLE62O-Hyv86vdq7wpqAa5ArhsxyL5EUhzPHSDO6-mFPyS0xyVYr3sbiHVlGVRIbvq8KN18DvQ_Rr8Em4E3EB6Jl1sFk6PaIN_9aSRTQeCXQGQ8vtD2VesPxqX08mgIy1y5L71ef9yar1RdOTqwM7qmI.52HY5AW9UK_1qUlxaRwDqNzhFYnTXgaxs52V1C-RwJg%26dib_tag%3Dse%26keywords%3Ddell%2Blaptop%26qid%3D1729538374%26sr%3D8-49-spons%26sp_csd%3Dd2lkZ2V0TmFtZT1zcF9hdGZfbmV4dA%26psc%3D1
"IdeaPad 3i Business Laptop 2023, 15.6"" FHD IPS Touchscreen, Intel Core i3-1115G4 (Upto 4.10 GHz), 8GB RAM, 512GB SSD, UHD Graphics, Webcam, Wi-Fi 6, Long Battery, Win 11 Pro +MarxsolAccessory",429,3.8 out of 5 stars,,https://www.amazon.com/sspa/click?ie=UTF8&spc=MTo1Nzk1MzIxOTgxNDYyNTQ3OjE3Mjk1MzgzNzQ6c3BfYXRmX25leHQ6MzAwMTcxNDA1ODI3NjAyOjowOjo&url=%2FLenovo-IdeaPad-2023-15-6-MarxsolAccessory%2Fdp%2FB0CMT314YT%2Fref%3Dsr_1_50_sspa%3Fdib%3DeyJ2IjoiMSJ9.AUKEd7aVAlh4QY2n78nbsliX-sL_QZjxlft_SqzKAW_Ka-28-5dz7k9SP-mPlgWGXT59esHL0wp6ga6vvYDVLE62O-Hyv86vdq7wpqAa5ArhsxyL5EUhzPHSDO6-mFPyS0xyVYr3sbiHVlGVRIbvq8KN18DvQ_Rr8Em4E3EB6Jl1sFk6PaIN_9aSRTQeCXQGQ8vtD2VesPxqX08mgIy1y5L71ef9yar1RdOTqwM7qmI.52HY5AW9UK_1qUlxaRwDqNzhFYnTXgaxs52V1C-RwJg%26dib_tag%3Dse%26keywords%3Ddell%2Blaptop%26qid%3D1729538374%26sr%3D8-50-spons%26sp_csd%3Dd2lkZ2V0TmFtZT1zcF9hdGZfbmV4dA%26psc%3D1
"Inspiron 3511 Laptop, 15.6"" Full HD Touchscreen, Intel Core i5-1135G7 (Beats Intel i7-1065G7), 16GB DDR4 RAM, 512GB PCIe SSD, SD Card Reader, HDMI, Wi-Fi, Windows 11 Home, Black",479,4.3 out of 5 stars,,https://www.amazon.com/Dell-3511-Touchscreen-i5-1135G7-i7-1065G7/dp/B0BRT5ZBN5/ref=sr_1_51?dib=eyJ2IjoiMSJ9.AUKEd7aVAlh4QY2n78nbsliX-sL_QZjxlft_SqzKAW_Ka-28-5dz7k9SP-mPlgWGXT59esHL0wp6ga6vvYDVLE62O-Hyv86vdq7wpqAa5ArhsxyL5EUhzPHSDO6-mFPyS0xyVYr3sbiHVlGVRIbvq8KN18DvQ_Rr8Em4E3EB6Jl1sFk6PaIN_9aSRTQeCXQGQ8vtD2VesPxqX08mgIy1y5L71ef9yar1RdOTqwM7qmI.52HY5AW9UK_1qUlxaRwDqNzhFYnTXgaxs52V1C-RwJg&dib_tag=se&keywords=dell+laptop&qid=1729538374&sr=8-51
"Latitude 5540 15.6"" Notebook - Full HD - 1920 x 1080 - Intel Core i7 13th Gen i7-1355U Deca-core (10 Core) - 16 GB Total RAM - 512 GB SSD - Titan Gray",959,2.9 out of 5 stars,,https://www.amazon.com/Dell-Latitude-5540-15-6-Notebook/dp/B0BBFQC79M/ref=sr_1_52?dib=eyJ2IjoiMSJ9.AUKEd7aVAlh4QY2n78nbsliX-sL_QZjxlft_SqzKAW_Ka-28-5dz7k9SP-mPlgWGXT59esHL0wp6ga6vvYDVLE62O-Hyv86vdq7wpqAa5ArhsxyL5EUhzPHSDO6-mFPyS0xyVYr3sbiHVlGVRIbvq8KN18DvQ_Rr8Em4E3EB6Jl1sFk6PaIN_9aSRTQeCXQGQ8vtD2VesPxqX08mgIy1y5L71ef9yar1RdOTqwM7qmI.52HY5AW9UK_1qUlxaRwDqNzhFYnTXgaxs52V1C-RwJg&dib_tag=se&keywords=dell+laptop&qid=1729538374&sr=8-52
"Dell Vostro 7500 15.6"""" Laptop Core i7-10750H 2.60 GHz 16GB RAM 1TB SSD Windows 10 Pro, Space Grey (Renewed)","1,280",The seller rating is 4.5 out of 5 stars and has 44 customer reviews.,,https://www.amazon.com/Dell-Vostro-i7-10750H-Windows-Renewed/dp/B0CR1Y3B86/ref=sr_1_54?dib=eyJ2IjoiMSJ9.AUKEd7aVAlh4QY2n78nbsliX-sL_QZjxlft_SqzKAW_Ka-28-5dz7k9SP-mPlgWGXT59esHL0wp6ga6vvYDVLE62O-Hyv86vdq7wpqAa5ArhsxyL5EUhzPHSDO6-mFPyS0xyVYr3sbiHVlGVRIbvq8KN18DvQ_Rr8Em4E3EB6Jl1sFk6PaIN_9aSRTQeCXQGQ8vtD2VesPxqX08mgIy1y5L71ef9yar1RdOTqwM7qmI.52HY5AW9UK_1qUlxaRwDqNzhFYnTXgaxs52V1C-RwJg&dib_tag=se&keywords=dell+laptop&qid=1729538374&sr=8-54
"Inspiron 3511 15.6"" Touch Laptop Intel Core i5 8GB Memory 256GB Solid State Drive Black",389,4.1 out of 5 stars,,https://www.amazon.com/Dell-Inspiron-Touch-Laptop-Memory/dp/B09ZGKLXF8/ref=sr_1_55?dib=eyJ2IjoiMSJ9.AUKEd7aVAlh4QY2n78nbsliX-sL_QZjxlft_SqzKAW_Ka-28-5dz7k9SP-mPlgWGXT59esHL0wp6ga6vvYDVLE62O-Hyv86vdq7wpqAa5ArhsxyL5EUhzPHSDO6-mFPyS0xyVYr3sbiHVlGVRIbvq8KN18DvQ_Rr8Em4E3EB6Jl1sFk6PaIN_9aSRTQeCXQGQ8vtD2VesPxqX08mgIy1y5L71ef9yar1RdOTqwM7qmI.52HY5AW9UK_1qUlxaRwDqNzhFYnTXgaxs52V1C-RwJg&dib_tag=se&keywords=dell+laptop&qid=1729538374&sr=8-55
"2023 Newest Inspiron Laptop, 15.6"" FHD IPS Touchscreen, Intel Core i5-1155G7(Beats i7-1065G7) Processor (Quad-core), 16GB RAM, 512GB SSD, Wi-Fi, Bluetooth, Windows 11 Home, Carbon Black",468,4.1 out of 5 stars,,https://www.amazon.com/Dell-Inspiron-Touchscreen-i5-1155G7-i7-1065G7/dp/B0CC28ZD7P/ref=sr_1_56?dib=eyJ2IjoiMSJ9.AUKEd7aVAlh4QY2n78nbsliX-sL_QZjxlft_SqzKAW_Ka-28-5dz7k9SP-mPlgWGXT59esHL0wp6ga6vvYDVLE62O-Hyv86vdq7wpqAa5ArhsxyL5EUhzPHSDO6-mFPyS0xyVYr3sbiHVlGVRIbvq8KN18DvQ_Rr8Em4E3EB6Jl1sFk6PaIN_9aSRTQeCXQGQ8vtD2VesPxqX08mgIy1y5L71ef9yar1RdOTqwM7qmI.52HY5AW9UK_1qUlxaRwDqNzhFYnTXgaxs52V1C-RwJg&dib_tag=se&keywords=dell+laptop&qid=1729538374&sr=8-56
"2024 Newest Laptop Inspiron 3520 15.6"" FHD Laptop, Intel Core i7-1255U, 32G,1TB SSD, with Free Office 365 Wi-Fi 6, Windows 11 Home, Black",719,The seller rating is 4.1 out of 5 stars and has 39 customer reviews.,,https://www.amazon.com/Newest-Laptop-Inspiron-i7-1255U-Windows/dp/B0CRC9WFHR/ref=sr_1_58?dib=eyJ2IjoiMSJ9.AUKEd7aVAlh4QY2n78nbsliX-sL_QZjxlft_SqzKAW_Ka-28-5dz7k9SP-mPlgWGXT59esHL0wp6ga6vvYDVLE62O-Hyv86vdq7wpqAa5ArhsxyL5EUhzPHSDO6-mFPyS0xyVYr3sbiHVlGVRIbvq8KN18DvQ_Rr8Em4E3EB6Jl1sFk6PaIN_9aSRTQeCXQGQ8vtD2VesPxqX08mgIy1y5L71ef9yar1RdOTqwM7qmI.52HY5AW9UK_1qUlxaRwDqNzhFYnTXgaxs52V1C-RwJg&dib_tag=se&keywords=dell+laptop&qid=1729538374&sr=8-58
"Newest Vostro 3520 Business Laptop, 15.6"" HD Display, Intel Core i5-1135G7 Processor, 8GB DDR4 RAM, 256GB PCIe SSD, Webcam, HDMI, Wi-Fi, Windows 11 Pro, Black",479,4.8 out of 5 stars,,https://www.amazon.com/sspa/click?ie=UTF8&spc=MTo1Nzk1MzIxOTgxNDYyNTQ3OjE3Mjk1MzgzNzQ6c3BfbXRmOjMwMDE1MDIyNTQzMTUwMjo6MDo6&url=%2FDell-Business-Display-i5-1135G7-Processor%2Fdp%2FB0B7V7JWT4%2Fref%3Dsr_1_59_sspa%3Fdib%3DeyJ2IjoiMSJ9.AUKEd7aVAlh4QY2n78nbsliX-sL_QZjxlft_SqzKAW_Ka-28-5dz7k9SP-mPlgWGXT59esHL0wp6ga6vvYDVLE62O-Hyv86vdq7wpqAa5ArhsxyL5EUhzPHSDO6-mFPyS0xyVYr3sbiHVlGVRIbvq8KN18DvQ_Rr8Em4E3EB6Jl1sFk6PaIN_9aSRTQeCXQGQ8vtD2VesPxqX08mgIy1y5L71ef9yar1RdOTqwM7qmI.52HY5AW9UK_1qUlxaRwDqNzhFYnTXgaxs52V1C-RwJg%26dib_tag%3Dse%26keywords%3Ddell%2Blaptop%26qid%3D1729538374%26sr%3D8-59-spons%26sp_csd%3Dd2lkZ2V0TmFtZT1zcF9tdGY%26psc%3D1
"Dual HDMI Adapter for 2 Monitors, Laptop Docking Station Dual Monitor, HDMI Splitter for Dual Monitors, 4K@60hz Dual HDMI Adapter, Dual Monitor Adapter, USB C Docking Station for Dell/HP/Mac Laptop",35,5.0 out of 5 stars,,https://www.amazon.com/sspa/click?ie=UTF8&spc=MTo1Nzk1MzIxOTgxNDYyNTQ3OjE3Mjk1MzgzNzQ6c3BfbXRmOjMwMDQ3NjY4MjYwODkwMjo6MDo6&url=%2FAdapter-Monitors-Docking-Station-Splitter%2Fdp%2FB0DHP7XJC6%2Fref%3Dsr_1_60_sspa%3Fdib%3DeyJ2IjoiMSJ9.AUKEd7aVAlh4QY2n78nbsliX-sL_QZjxlft_SqzKAW_Ka-28-5dz7k9SP-mPlgWGXT59esHL0wp6ga6vvYDVLE62O-Hyv86vdq7wpqAa5ArhsxyL5EUhzPHSDO6-mFPyS0xyVYr3sbiHVlGVRIbvq8KN18DvQ_Rr8Em4E3EB6Jl1sFk6PaIN_9aSRTQeCXQGQ8vtD2VesPxqX08mgIy1y5L71ef9yar1RdOTqwM7qmI.52HY5AW9UK_1qUlxaRwDqNzhFYnTXgaxs52V1C-RwJg%26dib_tag%3Dse%26keywords%3Ddell%2Blaptop%26qid%3D1729538374%26sr%3D8-60-spons%26sp_csd%3Dd2lkZ2V0TmFtZT1zcF9tdGY%26psc%3D1
"2022 Newest Inspiron 3511 Laptop, 15.6"" FHD Touchscreen, Intel Core i5-1135G7, 16GB DDR4 RAM, 512GB PCIe SSD, SD Card Reader, Webcam, HDMI, Wi-Fi, Windows 11 Home, Black",464,4.1 out of 5 stars,,https://www.amazon.com/Dell-Inspiron-Touchscreen-i5-1135G7-Windows/dp/B0B6WRGDPL/ref=sr_1_61?dib=eyJ2IjoiMSJ9.AUKEd7aVAlh4QY2n78nbsliX-sL_QZjxlft_SqzKAW_Ka-28-5dz7k9SP-mPlgWGXT59esHL0wp6ga6vvYDVLE62O-Hyv86vdq7wpqAa5ArhsxyL5EUhzPHSDO6-mFPyS0xyVYr3sbiHVlGVRIbvq8KN18DvQ_Rr8Em4E3EB6Jl1sFk6PaIN_9aSRTQeCXQGQ8vtD2VesPxqX08mgIy1y5L71ef9yar1RdOTqwM7qmI.52HY5AW9UK_1qUlxaRwDqNzhFYnTXgaxs52V1C-RwJg&dib_tag=se&keywords=dell+laptop&qid=1729538374&sr=8-61
"Inspiron 14 5430 Business Laptop | 14"" QHD+ (2560x1600) | Intel 12-core i7-1360P | 16GB DDR5 1TB SSD | Backlit Fingerprint Thunderbolt FHD Webcam Long-Lasting Battery Win11Pro Silver",699,The seller rating is 3.0 out of 5 stars and has 182 customer reviews.,,https://www.amazon.com/Dell-2560x1600-Fingerprint-Thunderbolt-Long-Lasting/dp/B0DCDGF74R/ref=sr_1_62?dib=eyJ2IjoiMSJ9.AUKEd7aVAlh4QY2n78nbsliX-sL_QZjxlft_SqzKAW_Ka-28-5dz7k9SP-mPlgWGXT59esHL0wp6ga6vvYDVLE62O-Hyv86vdq7wpqAa5ArhsxyL5EUhzPHSDO6-mFPyS0xyVYr3sbiHVlGVRIbvq8KN18DvQ_Rr8Em4E3EB6Jl1sFk6PaIN_9aSRTQeCXQGQ8vtD2VesPxqX08mgIy1y5L71ef9yar1RdOTqwM7qmI.52HY5AW9UK_1qUlxaRwDqNzhFYnTXgaxs52V1C-RwJg&dib_tag=se&keywords=dell+laptop&qid=1729538374&sr=8-62
"Vostro 14 3400 Business Laptop Computer, 14"" FHD Anti-Glare, Intel Core i3-1115G4 up to 3.2GHz (Beat i5-10210U), 8GB DDR4 RAM, 256GB PCIe SSD + 1TB HDD, 802.11AC WiFi, Bluetooth, Windows 11 Pro",389,4.9 out of 5 stars,,https://www.amazon.com/Dell-14-3400-Anti-Glare-i3-1115G4/dp/B0CJ5BNPBP/ref=sr_1_63?dib=eyJ2IjoiMSJ9.AUKEd7aVAlh4QY2n78nbsliX-sL_QZjxlft_SqzKAW_Ka-28-5dz7k9SP-mPlgWGXT59esHL0wp6ga6vvYDVLE62O-Hyv86vdq7wpqAa5ArhsxyL5EUhzPHSDO6-mFPyS0xyVYr3sbiHVlGVRIbvq8KN18DvQ_Rr8Em4E3EB6Jl1sFk6PaIN_9aSRTQeCXQGQ8vtD2VesPxqX08mgIy1y5L71ef9yar1RdOTqwM7qmI.52HY5AW9UK_1qUlxaRwDqNzhFYnTXgaxs52V1C-RwJg&dib_tag=se&keywords=dell+laptop&qid=1729538374&sr=8-63
"15 15.6"" FHD 120Hz Business Laptop Computer, 12th Gen Intel 10-Core i5-1235U (Beat i7-1195G7), 32GB DDR4 RAM, 1TB PCIe SSD, 802.11ac WiFi, Bluetooth, Carbon Black, Windows 11 Pro",585,4.3 out of 5 stars,,https://www.amazon.com/Dell-15-Business-i7-1195G7-Bluetooth/dp/B0D262TPSM/ref=sr_1_64?dib=eyJ2IjoiMSJ9.AUKEd7aVAlh4QY2n78nbsliX-sL_QZjxlft_SqzKAW_Ka-28-5dz7k9SP-mPlgWGXT59esHL0wp6ga6vvYDVLE62O-Hyv86vdq7wpqAa5ArhsxyL5EUhzPHSDO6-mFPyS0xyVYr3sbiHVlGVRIbvq8KN18DvQ_Rr8Em4E3EB6Jl1sFk6PaIN_9aSRTQeCXQGQ8vtD2VesPxqX08mgIy1y5L71ef9yar1RdOTqwM7qmI.52HY5AW9UK_1qUlxaRwDqNzhFYnTXgaxs52V1C-RwJg&dib_tag=se&keywords=dell+laptop&qid=1729538374&sr=8-64
"Inspiron 14 3493 Laptop 14"" i3-1005G1 4GB RAM, 128GB SSD - i3493-3464BLK-PUS",285,4.3 out of 5 stars,,https://www.amazon.com/Dell-Inspiron-Computer-Graphics-Bluetooth/dp/B081ZFFJ46/ref=sr_1_65?dib=eyJ2IjoiMSJ9.AUKEd7aVAlh4QY2n78nbsliX-sL_QZjxlft_SqzKAW_Ka-28-5dz7k9SP-mPlgWGXT59esHL0wp6ga6vvYDVLE62O-Hyv86vdq7wpqAa5ArhsxyL5EUhzPHSDO6-mFPyS0xyVYr3sbiHVlGVRIbvq8KN18DvQ_Rr8Em4E3EB6Jl1sFk6PaIN_9aSRTQeCXQGQ8vtD2VesPxqX08mgIy1y5L71ef9yar1RdOTqwM7qmI.52HY5AW9UK_1qUlxaRwDqNzhFYnTXgaxs52V1C-RwJg&dib_tag=se&keywords=dell+laptop&qid=1729538374&sr=8-65
"Inspiron 15 3520 Touch Laptop for Business & Student, 15.6"" FHD Display, 11th Gen Intel 4-Core i5-1155G7, 32GB RAM, 1TB PCIe SSD, Keypad, HDMI, Webcam, PDG HDMI Cable, Win 11 Pro, Carbon Black",549,4.1 out of 5 stars,,https://www.amazon.com/Dell-Inspiron-Business-Student-i5-1155G7/dp/B07WZHRQP5/ref=sr_1_67?dib=eyJ2IjoiMSJ9.AUKEd7aVAlh4QY2n78nbsliX-sL_QZjxlft_SqzKAW_Ka-28-5dz7k9SP-mPlgWGXT59esHL0wp6ga6vvYDVLE62O-Hyv86vdq7wpqAa5ArhsxyL5EUhzPHSDO6-mFPyS0xyVYr3sbiHVlGVRIbvq8KN18DvQ_Rr8Em4E3EB6Jl1sFk6PaIN_9aSRTQeCXQGQ8vtD2VesPxqX08mgIy1y5L71ef9yar1RdOTqwM7qmI.52HY5AW9UK_1qUlxaRwDqNzhFYnTXgaxs52V1C-RwJg&dib_tag=se&keywords=dell+laptop&qid=1729538374&sr=8-67
"Aspire 3 A315-24P-R7VH Slim Laptop | 15.6"" Full HD IPS Display | AMD Ryzen 3 7320U Quad-Core Processor | AMD Radeon Graphics | 8GB LPDDR5 | 128GB NVMe SSD | Wi-Fi 6 | Windows 11 Home in S Mode",279,4.4 out of 5 stars,,https://www.amazon.com/A315-24P-R7VH-Display-Quad-Core-Processor-Graphics/dp/B0BS4BP8FB/ref=sr_1_68?dib=eyJ2IjoiMSJ9.AUKEd7aVAlh4QY2n78nbsliX-sL_QZjxlft_SqzKAW_Ka-28-5dz7k9SP-mPlgWGXT59esHL0wp6ga6vvYDVLE62O-Hyv86vdq7wpqAa5ArhsxyL5EUhzPHSDO6-mFPyS0xyVYr3sbiHVlGVRIbvq8KN18DvQ_Rr8Em4E3EB6Jl1sFk6PaIN_9aSRTQeCXQGQ8vtD2VesPxqX08mgIy1y5L71ef9yar1RdOTqwM7qmI.52HY5AW9UK_1qUlxaRwDqNzhFYnTXgaxs52V1C-RwJg&dib_tag=se&keywords=dell+laptop&qid=1729538374&sr=8-68
"14 Inch Laptop Computer, Gaming Laptop, 8GB RAM 256GB SSD, Intel Celeron N5095 Processors, FHD 1920 x 1080, Supports 180 Angle Opening, Windows 11 Pro",269,4.0 out of 5 stars,,https://www.amazon.com/sspa/click?ie=UTF8&spc=MTo1Nzk1MzIxOTgxNDYyNTQ3OjE3Mjk1MzgzNzQ6c3BfYnRmOjMwMDM5Mjk5NjA1NDUwMjo6MDo6&url=%2FFUNYET-Computer-Quad-Core-Processors-Supports%2Fdp%2FB0CKN9M1S8%2Fref%3Dsr_1_69_sspa%3Fdib%3DeyJ2IjoiMSJ9.AUKEd7aVAlh4QY2n78nbsliX-sL_QZjxlft_SqzKAW_Ka-28-5dz7k9SP-mPlgWGXT59esHL0wp6ga6vvYDVLE62O-Hyv86vdq7wpqAa5ArhsxyL5EUhzPHSDO6-mFPyS0xyVYr3sbiHVlGVRIbvq8KN18DvQ_Rr8Em4E3EB6Jl1sFk6PaIN_9aSRTQeCXQGQ8vtD2VesPxqX08mgIy1y5L71ef9yar1RdOTqwM7qmI.52HY5AW9UK_1qUlxaRwDqNzhFYnTXgaxs52V1C-RwJg%26dib_tag%3Dse%26keywords%3Ddell%2Blaptop%26qid%3D1729538374%26sr%3D8-69-spons%26sp_csd%3Dd2lkZ2V0TmFtZT1zcF9idGY%26psc%3D1
"16 Inch Laptop Computer, Gaming Laptop, 16GB RAM 512GB SSD, N95 Processor, FHD 1920 * 1200, 180 Angle Open, Backlit Keyboard, Windows 11 Pro, Fingerprint Unlock, WiFi 5, BT 4.2",359,4.0 out of 5 stars,,https://www.amazon.com/sspa/click?ie=UTF8&spc=MTo1Nzk1MzIxOTgxNDYyNTQ3OjE3Mjk1MzgzNzQ6c3BfYnRmOjMwMDMxOTY2MDcyMDAwMjo6MDo6&url=%2FNIAKUN-Computer-Processor-Keyboard-Fingerprint%2Fdp%2FB0D5D7S4LB%2Fref%3Dsr_1_70_sspa%3Fdib%3DeyJ2IjoiMSJ9.AUKEd7aVAlh4QY2n78nbsliX-sL_QZjxlft_SqzKAW_Ka-28-5dz7k9SP-mPlgWGXT59esHL0wp6ga6vvYDVLE62O-Hyv86vdq7wpqAa5ArhsxyL5EUhzPHSDO6-mFPyS0xyVYr3sbiHVlGVRIbvq8KN18DvQ_Rr8Em4E3EB6Jl1sFk6PaIN_9aSRTQeCXQGQ8vtD2VesPxqX08mgIy1y5L71ef9yar1RdOTqwM7qmI.52HY5AW9UK_1qUlxaRwDqNzhFYnTXgaxs52V1C-RwJg%26dib_tag%3Dse%26keywords%3Ddell%2Blaptop%26qid%3D1729538374%26sr%3D8-70-spons%26sp_csd%3Dd2lkZ2V0TmFtZT1zcF9idGY%26psc%3D1
"Latitude 3540 15.6"" FHD Business Laptop Computer, Intel 10-Core i5-1235U (Beat i7-1195G7), 32GB DDR4 RAM, 1TB PCIe SSD, WiFi 6E, Bluetooth, Black, Windows 11 Pro",889,4.5 out of 5 stars,,https://www.amazon.com/sspa/click?ie=UTF8&spc=MToxNzQ3NjI0ODU0MTc5MzEwOjE3Mjk1MzgzNzk6c3BfYXRmX25leHQ6MzAwMTU1MjY3NjQ4MTAyOjowOjo&url=%2FDell-Latitude-3540-i7-1195G7-Bluetooth%2Fdp%2FB0CTKKHKR3%2Fref%3Dsr_1_65_sspa%3Fdib%3DeyJ2IjoiMSJ9.EKpYLMJHGKyOZQdJtFgCrHBlrT2imEraTZ2sj7Xh5qlhmMBHbZc_NUWBVLCuAttFkOjqFHX0IV2jnw-cUedudvbPgGCg_VsHphitozKw8fV9rq4r2hpfoXxu6TKluYPacyCmMEyLTeJmC-5XFh6i2Vd3bMrVHEPqF2VDtdJ8bkSHNi1c6MVzaAAHqkq9-bxkjdifqSTnxlUl8Qaaqbe5K3-GgBqYFNrB2mhRygx2INg.11sRui32KVsVy_1-YDaOPDu7jb7hgh8Qh2QkceFWqv0%26dib_tag%3Dse%26keywords%3Ddell%2Blaptop%26qid%3D1729538379%26sr%3D8-65-spons%26sp_csd%3Dd2lkZ2V0TmFtZT1zcF9hdGZfbmV4dA%26psc%3D1
"Latitude 5000 Series 5420 Business Laptop, 14"" FHD Touchscreen, Intel Core i5-1145G7 vPro, 16GB DDR4 RAM, 256GB PCIe SSD, IR Webcam, Backlit Keyboard, HDMI, Wi-Fi 6, Windows 11 Pro",749,The seller rating is 4.2 out of 5 stars and has 153 customer reviews.,,https://www.amazon.com/sspa/click?ie=UTF8&spc=MToxNzQ3NjI0ODU0MTc5MzEwOjE3Mjk1MzgzNzk6c3BfYXRmX25leHQ6MzAwNDAxMzI4ODMwMDAyOjowOjo&url=%2FDell-Latitude-5000-Touchscreen-i5-1145G7%2Fdp%2FB0DFYHJMY5%2Fref%3Dsr_1_66_sspa%3Fdib%3DeyJ2IjoiMSJ9.EKpYLMJHGKyOZQdJtFgCrHBlrT2imEraTZ2sj7Xh5qlhmMBHbZc_NUWBVLCuAttFkOjqFHX0IV2jnw-cUedudvbPgGCg_VsHphitozKw8fV9rq4r2hpfoXxu6TKluYPacyCmMEyLTeJmC-5XFh6i2Vd3bMrVHEPqF2VDtdJ8bkSHNi1c6MVzaAAHqkq9-bxkjdifqSTnxlUl8Qaaqbe5K3-GgBqYFNrB2mhRygx2INg.11sRui32KVsVy_1-YDaOPDu7jb7hgh8Qh2QkceFWqv0%26dib_tag%3Dse%26keywords%3Ddell%2Blaptop%26qid%3D1729538379%26sr%3D8-66-spons%26sp_csd%3Dd2lkZ2V0TmFtZT1zcF9hdGZfbmV4dA%26psc%3D1
"Vostro 3000 Series 3520 15.6"" FHD Business Laptop Computer, 12th Gen Intel 10-Cores i7-1255U, 32GB DDR4 RAM, 1TB PCIe SSD, 802.11ac WiFi, Bluetooth, Webcan, Carbon Black, Windows 11 Pro",679,4.3 out of 5 stars,,https://www.amazon.com/Dell-3520-Business-Computer-Bluetooth/dp/B0CWGG83MY/ref=sr_1_67?dib=eyJ2IjoiMSJ9.EKpYLMJHGKyOZQdJtFgCrHBlrT2imEraTZ2sj7Xh5qlhmMBHbZc_NUWBVLCuAttFkOjqFHX0IV2jnw-cUedudvbPgGCg_VsHphitozKw8fV9rq4r2hpfoXxu6TKluYPacyCmMEyLTeJmC-5XFh6i2Vd3bMrVHEPqF2VDtdJ8bkSHNi1c6MVzaAAHqkq9-bxkjdifqSTnxlUl8Qaaqbe5K3-GgBqYFNrB2mhRygx2INg.11sRui32KVsVy_1-YDaOPDu7jb7hgh8Qh2QkceFWqv0&dib_tag=se&keywords=dell+laptop&qid=1729538379&sr=8-67
"Inspiron 15 3520 15.6"" FHD Laptop, 16GB RAM,1TB SSD, Intel Core i3-1215U Processor(Beat i5-1135G7), SD Card Reader, WiFi, Bluetooth, Webcam, Win 11 Home, Alpacatec Accessories, Carbon Black",539,3.6 out of 5 stars,,https://www.amazon.com/Dell-Processor-i5-1135G7-Bluetooth-Accessories/dp/B0CW9QCVPY/ref=sr_1_68?dib=eyJ2IjoiMSJ9.EKpYLMJHGKyOZQdJtFgCrHBlrT2imEraTZ2sj7Xh5qlhmMBHbZc_NUWBVLCuAttFkOjqFHX0IV2jnw-cUedudvbPgGCg_VsHphitozKw8fV9rq4r2hpfoXxu6TKluYPacyCmMEyLTeJmC-5XFh6i2Vd3bMrVHEPqF2VDtdJ8bkSHNi1c6MVzaAAHqkq9-bxkjdifqSTnxlUl8Qaaqbe5K3-GgBqYFNrB2mhRygx2INg.11sRui32KVsVy_1-YDaOPDu7jb7hgh8Qh2QkceFWqv0&dib_tag=se&keywords=dell+laptop&qid=1729538379&sr=8-68
"Newest Vostro 3520 Business Laptop, 15.6"" HD Display, Intel Core i5-1135G7 Processor, 16GB DDR4 RAM, 512GB PCIe SSD, Webcam, HDMI, Wi-Fi, Windows 11 Pro, Black",549,4.8 out of 5 stars,,https://www.amazon.com/Dell-Business-Display-i5-1135G7-Processor/dp/B0B7TCWCW7/ref=sr_1_69?dib=eyJ2IjoiMSJ9.EKpYLMJHGKyOZQdJtFgCrHBlrT2imEraTZ2sj7Xh5qlhmMBHbZc_NUWBVLCuAttFkOjqFHX0IV2jnw-cUedudvbPgGCg_VsHphitozKw8fV9rq4r2hpfoXxu6TKluYPacyCmMEyLTeJmC-5XFh6i2Vd3bMrVHEPqF2VDtdJ8bkSHNi1c6MVzaAAHqkq9-bxkjdifqSTnxlUl8Qaaqbe5K3-GgBqYFNrB2mhRygx2INg.11sRui32KVsVy_1-YDaOPDu7jb7hgh8Qh2QkceFWqv0&dib_tag=se&keywords=dell+laptop&qid=1729538379&sr=8-69
"Aspire Go 15 Slim Laptop | 15.6"" Full HD IPS 1080P Display | Intel Core i3-N305| Intel UHD Graphics | 8GB LPDDR5 | 128GB HD | Wi-Fi 6 | AI PC | Windows 11 Home in S Mode | AG15-31P-3947",259,4.2 out of 5 stars,,https://www.amazon.com/Display-i3-N305-Graphics-Windows-AG15-31P-3947/dp/B0CV5ZSR17/ref=sr_1_73?dib=eyJ2IjoiMSJ9.EKpYLMJHGKyOZQdJtFgCrHBlrT2imEraTZ2sj7Xh5qlhmMBHbZc_NUWBVLCuAttFkOjqFHX0IV2jnw-cUedudvbPgGCg_VsHphitozKw8fV9rq4r2hpfoXxu6TKluYPacyCmMEyLTeJmC-5XFh6i2Vd3bMrVHEPqF2VDtdJ8bkSHNi1c6MVzaAAHqkq9-bxkjdifqSTnxlUl8Qaaqbe5K3-GgBqYFNrB2mhRygx2INg.11sRui32KVsVy_1-YDaOPDu7jb7hgh8Qh2QkceFWqv0&dib_tag=se&keywords=dell+laptop&qid=1729538379&sr=8-73
"15.6 Full HD Laptop, AMD Ryzen 5 7520U, 16GB RAM, 256GB SSD, Windows 11 Home, Natural Silver",399,4.1 out of 5 stars,,https://www.amazon.com/HP-Laptop-Windows-Natural-Silver/dp/B0CZCTTPBN/ref=sr_1_74?dib=eyJ2IjoiMSJ9.EKpYLMJHGKyOZQdJtFgCrHBlrT2imEraTZ2sj7Xh5qlhmMBHbZc_NUWBVLCuAttFkOjqFHX0IV2jnw-cUedudvbPgGCg_VsHphitozKw8fV9rq4r2hpfoXxu6TKluYPacyCmMEyLTeJmC-5XFh6i2Vd3bMrVHEPqF2VDtdJ8bkSHNi1c6MVzaAAHqkq9-bxkjdifqSTnxlUl8Qaaqbe5K3-GgBqYFNrB2mhRygx2INg.11sRui32KVsVy_1-YDaOPDu7jb7hgh8Qh2QkceFWqv0&dib_tag=se&keywords=dell+laptop&qid=1729538379&sr=8-74
"15 15.6"" FHD 120Hz Business Laptop Computer, 12th Gen Intel 10-Core i5-1235U (Beat i7-1195G7), 32GB DDR4 RAM, 1TB PCIe SSD, 802.11ac WiFi, Bluetooth, Carbon Black, Windows 11 Pro",585,4.3 out of 5 stars,,https://www.amazon.com/sspa/click?ie=UTF8&spc=MToxNzQ3NjI0ODU0MTc5MzEwOjE3Mjk1MzgzNzk6c3BfbXRmOjMwMDE4NDQ1MzE2MTEwMjo6MDo6&url=%2FDell-15-Business-i7-1195G7-Bluetooth%2Fdp%2FB0D262TPSM%2Fref%3Dsr_1_75_sspa%3Fdib%3DeyJ2IjoiMSJ9.EKpYLMJHGKyOZQdJtFgCrHBlrT2imEraTZ2sj7Xh5qlhmMBHbZc_NUWBVLCuAttFkOjqFHX0IV2jnw-cUedudvbPgGCg_VsHphitozKw8fV9rq4r2hpfoXxu6TKluYPacyCmMEyLTeJmC-5XFh6i2Vd3bMrVHEPqF2VDtdJ8bkSHNi1c6MVzaAAHqkq9-bxkjdifqSTnxlUl8Qaaqbe5K3-GgBqYFNrB2mhRygx2INg.11sRui32KVsVy_1-YDaOPDu7jb7hgh8Qh2QkceFWqv0%26dib_tag%3Dse%26keywords%3Ddell%2Blaptop%26qid%3D1729538379%26sr%3D8-75-spons%26sp_csd%3Dd2lkZ2V0TmFtZT1zcF9tdGY%26psc%3D1
"Latitude 14 5450 5000 14"" Touchscreen FHD Business Laptop Computer, 13th Gen Intel 10-Core i7-1355U, 32GB DDR5 RAM, 1TB PCIe SSD, WiFi 6, Backlit Keyboard, Fingerprint Reader, Windows 11 Pro","1,240",5.0 out of 5 stars,,https://www.amazon.com/sspa/click?ie=UTF8&spc=MToxNzQ3NjI0ODU0MTc5MzEwOjE3Mjk1MzgzNzk6c3BfbXRmOjMwMDMzOTM4MjYxODUwMjo6MDo6&url=%2FDell-Latitude-5450-Touchscreen-Fingerprint%2Fdp%2FB0DCBQTMWF%2Fref%3Dsr_1_76_sspa%3Fdib%3DeyJ2IjoiMSJ9.EKpYLMJHGKyOZQdJtFgCrHBlrT2imEraTZ2sj7Xh5qlhmMBHbZc_NUWBVLCuAttFkOjqFHX0IV2jnw-cUedudvbPgGCg_VsHphitozKw8fV9rq4r2hpfoXxu6TKluYPacyCmMEyLTeJmC-5XFh6i2Vd3bMrVHEPqF2VDtdJ8bkSHNi1c6MVzaAAHqkq9-bxkjdifqSTnxlUl8Qaaqbe5K3-GgBqYFNrB2mhRygx2INg.11sRui32KVsVy_1-YDaOPDu7jb7hgh8Qh2QkceFWqv0%26dib_tag%3Dse%26keywords%3Ddell%2Blaptop%26qid%3D1729538379%26sr%3D8-76-spons%26sp_csd%3Dd2lkZ2V0TmFtZT1zcF9tdGY%26psc%3D1
"Inspiron 15 Laptop for Students and Business, 15.6 FHD Touchscreen Display, 12th Gen Core i5-1235U, 64GB RAM, 1TB PCIe SSD, Keypad, Webcam, HDMI, SD Card Reader, PDG HDMI Cable, Win 11 Pro",601,3.9 out of 5 stars,,https://www.amazon.com/Dell-Inspiron-Students-Business-Touchscreen/dp/B0D1VZCXTP/ref=sr_1_77?dib=eyJ2IjoiMSJ9.EKpYLMJHGKyOZQdJtFgCrHBlrT2imEraTZ2sj7Xh5qlhmMBHbZc_NUWBVLCuAttFkOjqFHX0IV2jnw-cUedudvbPgGCg_VsHphitozKw8fV9rq4r2hpfoXxu6TKluYPacyCmMEyLTeJmC-5XFh6i2Vd3bMrVHEPqF2VDtdJ8bkSHNi1c6MVzaAAHqkq9-bxkjdifqSTnxlUl8Qaaqbe5K3-GgBqYFNrB2mhRygx2INg.11sRui32KVsVy_1-YDaOPDu7jb7hgh8Qh2QkceFWqv0&dib_tag=se&keywords=dell+laptop&qid=1729538379&sr=8-77
"Inspiron 15 3520 (2024) Business Laptop (15.6"" FHD Touchscreen IPS, Intel Core i5-1155G7, 32GB RAM, 1TB SSD) Numeric Keypad, Narrow-Bezel, Webcam, Inspiron 3000, Win 11 Home S Mode, Carbon Black",539,3.8 out of 5 stars,,https://www.amazon.com/Dell-Inspiron-3520-Touchscreen-Narrow-Bezel/dp/B0CRGKNXHV/ref=sr_1_78?dib=eyJ2IjoiMSJ9.EKpYLMJHGKyOZQdJtFgCrHBlrT2imEraTZ2sj7Xh5qlhmMBHbZc_NUWBVLCuAttFkOjqFHX0IV2jnw-cUedudvbPgGCg_VsHphitozKw8fV9rq4r2hpfoXxu6TKluYPacyCmMEyLTeJmC-5XFh6i2Vd3bMrVHEPqF2VDtdJ8bkSHNi1c6MVzaAAHqkq9-bxkjdifqSTnxlUl8Qaaqbe5K3-GgBqYFNrB2mhRygx2INg.11sRui32KVsVy_1-YDaOPDu7jb7hgh8Qh2QkceFWqv0&dib_tag=se&keywords=dell+laptop&qid=1729538379&sr=8-78
"Inspiron 15 Laptop, Intel i7-1255U, 32 GB DDR4 RAM, 1 TB PCle SSD, 15.6"""" FHD (1920x1080), Intel Iris Xe Graphics, W11 Home, Black",649,The seller rating is 4.5 out of 5 stars and has 37 customer reviews.,,https://www.amazon.com/Dell-Inspiron-15-i7-1255U-1920x1080/dp/B0DBHGSLVX/ref=sr_1_79?dib=eyJ2IjoiMSJ9.EKpYLMJHGKyOZQdJtFgCrHBlrT2imEraTZ2sj7Xh5qlhmMBHbZc_NUWBVLCuAttFkOjqFHX0IV2jnw-cUedudvbPgGCg_VsHphitozKw8fV9rq4r2hpfoXxu6TKluYPacyCmMEyLTeJmC-5XFh6i2Vd3bMrVHEPqF2VDtdJ8bkSHNi1c6MVzaAAHqkq9-bxkjdifqSTnxlUl8Qaaqbe5K3-GgBqYFNrB2mhRygx2INg.11sRui32KVsVy_1-YDaOPDu7jb7hgh8Qh2QkceFWqv0&dib_tag=se&keywords=dell+laptop&qid=1729538379&sr=8-79
Laptop,"1,513",3.9 out of 5 stars,,https://www.amazon.com/Dell-XPS-15-Microsoft-i7-13620H/dp/B0CYPVVFKS/ref=sr_1_81?dib=eyJ2IjoiMSJ9.EKpYLMJHGKyOZQdJtFgCrHBlrT2imEraTZ2sj7Xh5qlhmMBHbZc_NUWBVLCuAttFkOjqFHX0IV2jnw-cUedudvbPgGCg_VsHphitozKw8fV9rq4r2hpfoXxu6TKluYPacyCmMEyLTeJmC-5XFh6i2Vd3bMrVHEPqF2VDtdJ8bkSHNi1c6MVzaAAHqkq9-bxkjdifqSTnxlUl8Qaaqbe5K3-GgBqYFNrB2mhRygx2INg.11sRui32KVsVy_1-YDaOPDu7jb7hgh8Qh2QkceFWqv0&dib_tag=se&keywords=dell+laptop&qid=1729538379&sr=8-81
"Inspiron 15 3535 2023 Business Laptop 15.6"" FHD IPS 8-Core AMD Ryzen 7 7730U 16GB DDR4 1TB SSD AMD Radeon Graphics Wi-Fi 5 Win11 Home",682,,,https://www.amazon.com/Dell-Inspiron-Business-Laptop-Graphics/dp/B0D8TC4WMC/ref=sr_1_83?dib=eyJ2IjoiMSJ9.EKpYLMJHGKyOZQdJtFgCrHBlrT2imEraTZ2sj7Xh5qlhmMBHbZc_NUWBVLCuAttFkOjqFHX0IV2jnw-cUedudvbPgGCg_VsHphitozKw8fV9rq4r2hpfoXxu6TKluYPacyCmMEyLTeJmC-5XFh6i2Vd3bMrVHEPqF2VDtdJ8bkSHNi1c6MVzaAAHqkq9-bxkjdifqSTnxlUl8Qaaqbe5K3-GgBqYFNrB2mhRygx2INg.11sRui32KVsVy_1-YDaOPDu7jb7hgh8Qh2QkceFWqv0&dib_tag=se&keywords=dell+laptop&qid=1729538379&sr=8-83
"Latitude 5550 15 Business AI Laptop, 15.6"" FHD Computer, Intel Ultra 7 155U (Beat i7-1355U), 64GB DDR5 RAM, 1TB PCIe SSD, WiFi 6, Backlit Keyboard, Fingerprint Reader, Windows 11 Pro","1,298",4.5 out of 5 stars,,https://www.amazon.com/Dell-Latitude-5550-Business-Fingerprint/dp/B0CS69V7ZJ/ref=sr_1_84?dib=eyJ2IjoiMSJ9.EKpYLMJHGKyOZQdJtFgCrHBlrT2imEraTZ2sj7Xh5qlhmMBHbZc_NUWBVLCuAttFkOjqFHX0IV2jnw-cUedudvbPgGCg_VsHphitozKw8fV9rq4r2hpfoXxu6TKluYPacyCmMEyLTeJmC-5XFh6i2Vd3bMrVHEPqF2VDtdJ8bkSHNi1c6MVzaAAHqkq9-bxkjdifqSTnxlUl8Qaaqbe5K3-GgBqYFNrB2mhRygx2INg.11sRui32KVsVy_1-YDaOPDu7jb7hgh8Qh2QkceFWqv0&dib_tag=se&keywords=dell+laptop&qid=1729538379&sr=8-84
"Newest 14"" HD Ultra Light Thin Laptop, Quad-Core Intel Celeron Processor, 4GB RAM, 128GB (64GB eMMC+ 64GB Card), Wi-Fi, Upto 11 Hours, Windows 11 S + 1 Year Office 365+HubxcelAccessory, Pink",249,4.1 out of 5 stars,,https://www.amazon.com/sspa/click?ie=UTF8&spc=MToxNzQ3NjI0ODU0MTc5MzEwOjE3Mjk1MzgzNzk6c3BfYnRmOjMwMDMyMjM3MzI3OTYwMjo6MDo6&url=%2FHP-Newest-14-Laptop-HubxcelAccessory%2Fdp%2FB0CSBZ11RM%2Fref%3Dsr_1_85_sspa%3Fdib%3DeyJ2IjoiMSJ9.EKpYLMJHGKyOZQdJtFgCrHBlrT2imEraTZ2sj7Xh5qlhmMBHbZc_NUWBVLCuAttFkOjqFHX0IV2jnw-cUedudvbPgGCg_VsHphitozKw8fV9rq4r2hpfoXxu6TKluYPacyCmMEyLTeJmC-5XFh6i2Vd3bMrVHEPqF2VDtdJ8bkSHNi1c6MVzaAAHqkq9-bxkjdifqSTnxlUl8Qaaqbe5K3-GgBqYFNrB2mhRygx2INg.11sRui32KVsVy_1-YDaOPDu7jb7hgh8Qh2QkceFWqv0%26dib_tag%3Dse%26keywords%3Ddell%2Blaptop%26qid%3D1729538379%26sr%3D8-85-spons%26sp_csd%3Dd2lkZ2V0TmFtZT1zcF9idGY%26psc%3D1
"2024 Premium 14"" Micro-Edge Portable Laptop Student Business, Intel Quad-Core N4120, 16GB RAM, 320GB (64GB eMMC+ 256GB Card), Webcam, WiFi, Windows 11S + 1 Year Office 365, MarxsolAccessory White",278,4.2 out of 5 stars,,https://www.amazon.com/sspa/click?ie=UTF8&spc=MToxNzQ3NjI0ODU0MTc5MzEwOjE3Mjk1MzgzNzk6c3BfYnRmOjMwMDE5MzcwNDIxNTkwMjo6MDo6&url=%2FHP-14-Micro-Edge-Laptop-MarxsolAccessory%2Fdp%2FB0D1GVYXVN%2Fref%3Dsr_1_86_sspa%3Fdib%3DeyJ2IjoiMSJ9.EKpYLMJHGKyOZQdJtFgCrHBlrT2imEraTZ2sj7Xh5qlhmMBHbZc_NUWBVLCuAttFkOjqFHX0IV2jnw-cUedudvbPgGCg_VsHphitozKw8fV9rq4r2hpfoXxu6TKluYPacyCmMEyLTeJmC-5XFh6i2Vd3bMrVHEPqF2VDtdJ8bkSHNi1c6MVzaAAHqkq9-bxkjdifqSTnxlUl8Qaaqbe5K3-GgBqYFNrB2mhRygx2INg.11sRui32KVsVy_1-YDaOPDu7jb7hgh8Qh2QkceFWqv0%26dib_tag%3Dse%26keywords%3Ddell%2Blaptop%26qid%3D1729538379%26sr%3D8-86-spons%26sp_csd%3Dd2lkZ2V0TmFtZT1zcF9idGY%26psc%3D1
